filename,width,height,class,xmin,ymin,xmax,ymax
che517.jpg,1280,720,che,528,218,715,627
che518.jpg,1280,720,che,533,222,719,640
che519.jpg,1280,720,che,530,227,725,673
che520.jpg,1280,720,che,534,224,732,690
che521.jpg,1280,720,che,535,224,721,677
che522.jpg,1280,720,che,539,221,731,689
che523.jpg,1280,720,che,541,220,740,660
che524.jpg,1280,720,che,548,221,731,663
che525.jpg,1280,720,che,551,220,745,672
che526.jpg,1280,720,che,551,224,754,684
che527.jpg,1280,720,che,556,212,755,652
che528.jpg,1280,720,che,569,217,763,666
che529.jpg,1280,720,che,563,219,764,661
che530.jpg,1280,720,che,567,216,756,662
che531.jpg,1280,720,che,568,212,773,666
che532.jpg,1280,720,che,560,213,769,622
che533.jpg,1280,720,che,568,217,776,637
che534.jpg,1280,720,che,572,216,770,662
che535.jpg,1280,720,che,574,216,775,676
che536.jpg,1280,720,che,573,223,776,658
che537.jpg,1280,720,che,572,216,783,670
che538.jpg,1280,720,che,576,222,782,634
che539.jpg,1280,720,che,567,220,776,642
che540.jpg,1280,720,che,578,214,784,674
che541.jpg,1280,720,che,586,215,788,649
che542.jpg,1280,720,che,579,220,800,680
che543.jpg,1280,720,che,573,216,788,635
che544.jpg,1280,720,che,584,217,793,659
che545.jpg,1280,720,che,583,213,805,662
che546.jpg,1280,720,che,576,220,787,657
che547.jpg,1280,720,che,570,216,806,662
che548.jpg,1280,720,che,575,216,807,641
che549.jpg,1280,720,che,565,217,809,661
che550.jpg,1280,720,che,592,216,812,672
che551.jpg,1280,720,che,595,211,816,674
che552.jpg,1280,720,che,579,207,823,667
che553.jpg,1280,720,che,576,217,811,611
che554.jpg,1280,720,che,599,219,815,657
che555.jpg,1280,720,che,592,217,820,653
che556.jpg,1280,720,che,603,218,808,672
che557.jpg,1280,720,che,595,224,818,688
che558.jpg,1280,720,che,601,229,814,661
che559.jpg,1280,720,che,603,230,795,674
che560.jpg,1280,720,che,596,225,824,629
che561.jpg,1280,720,che,603,228,812,655
che562.jpg,1280,720,che,595,218,817,683
che563.jpg,1280,720,che,593,230,830,665
che564.jpg,1280,720,che,605,219,816,661
che565.jpg,1280,720,che,599,222,827,686
che566.jpg,1280,720,che,596,216,808,695
che567.jpg,1280,720,che,593,220,812,685
che568.jpg,1280,720,che,601,218,807,653
che569.jpg,1280,720,che,592,220,817,673
che570.jpg,1280,720,che,588,222,823,694
che571.jpg,1280,720,che,598,226,818,683
che572.jpg,1280,720,che,588,227,807,672
che573.jpg,1280,720,che,594,222,832,688
che574.jpg,1280,720,che,592,225,821,679
che575.jpg,1280,720,che,586,226,809,700
che576.jpg,1280,720,che,594,226,819,676
che577.jpg,1280,720,che,601,220,820,703
che578.jpg,1280,720,che,591,221,829,682
che579.jpg,1280,720,che,589,225,826,689
che580.jpg,1280,720,che,600,224,820,694
che581.jpg,1280,720,che,601,225,823,679
che582.jpg,1280,720,che,603,216,823,671
che583.jpg,1280,720,che,586,218,794,680
che584.jpg,1280,720,che,565,226,822,707
che585.jpg,1280,720,che,582,220,812,676
che586.jpg,1280,720,che,595,224,818,667
che587.jpg,1280,720,che,585,216,807,676
che588.jpg,1280,720,che,577,222,806,700
che589.jpg,1280,720,che,569,222,801,693
che590.jpg,1280,720,che,575,226,795,694
che591.jpg,1280,720,che,567,220,792,674
che592.jpg,1280,720,che,568,229,788,683
che593.jpg,1280,720,che,562,227,779,675
che594.jpg,1280,720,che,563,232,778,689
che595.jpg,1280,720,che,557,220,771,710
che596.jpg,1280,720,che,555,226,767,691
che597.jpg,1280,720,che,552,229,766,701
che598.jpg,1280,720,che,546,227,755,675
che599.jpg,1280,720,che,545,227,751,683
che600.jpg,1280,720,che,543,230,754,689
che601.jpg,1280,720,che,537,222,745,701
che602.jpg,1280,720,che,531,225,741,690
che603.jpg,1280,720,che,526,220,742,703
che604.jpg,1280,720,che,527,221,738,682
che605.jpg,1280,720,che,526,222,734,685
che606.jpg,1280,720,che,520,221,725,692
che607.jpg,1280,720,che,519,214,720,695
che608.jpg,1280,720,che,513,217,719,677
che609.jpg,1280,720,che,511,215,717,713
che610.jpg,1280,720,che,518,225,708,687
che611.jpg,1280,720,che,508,225,701,711
che612.jpg,1280,720,che,498,222,702,690
che613.jpg,1280,720,che,500,219,705,701
che614.jpg,1280,720,che,496,222,696,695
che615.jpg,1280,720,che,493,216,694,701
che616.jpg,1280,720,che,486,218,686,696
che617.jpg,1280,720,che,484,224,675,690
che618.jpg,1280,720,che,484,222,674,705
che619.jpg,1280,720,che,473,217,683,716
che620.jpg,1280,720,che,469,206,667,716
che621.jpg,1280,720,che,473,216,679,711
che622.jpg,1280,720,che,463,216,670,720
che623.jpg,1280,720,che,458,215,676,695
che624.jpg,1280,720,che,467,204,665,720
che625.jpg,1280,720,che,451,218,652,711
che626.jpg,1280,720,che,454,218,650,681
che627.jpg,1280,720,che,451,214,648,706
che628.jpg,1280,720,che,451,216,627,702
che629.jpg,1280,720,che,445,215,601,686
che630.jpg,1280,720,che,445,217,631,695
che631.jpg,1280,720,che,440,214,629,709
che632.jpg,1280,720,che,437,220,634,685
che633.jpg,1280,720,che,430,216,627,700
che634.jpg,1280,720,che,419,205,632,707
che635.jpg,1280,720,che,428,214,627,693
che636.jpg,1280,720,che,426,212,619,670
che637.jpg,1280,720,che,424,212,613,681
che638.jpg,1280,720,che,413,213,618,670
che639.jpg,1280,720,che,415,209,613,667
che640.jpg,1280,720,che,419,214,607,682
che641.jpg,1280,720,che,406,216,597,659
che642.jpg,1280,720,che,409,210,599,647
che643.jpg,1280,720,che,407,209,595,677
che644.jpg,1280,720,che,399,217,586,672
che645.jpg,1280,720,che,395,209,590,682
che646.jpg,1280,720,che,387,220,584,686
che647.jpg,1280,720,che,383,216,576,705
che648.jpg,1280,720,che,384,215,577,709
che649.jpg,1280,720,che,384,214,573,691
che650.jpg,1280,720,che,380,215,571,684
che651.jpg,1280,720,che,379,219,570,699
che652.jpg,1280,720,che,377,217,557,692
che653.jpg,1280,720,che,378,216,560,691
che654.jpg,1280,720,che,373,227,555,690
che655.jpg,1280,720,che,362,226,558,677
che656.jpg,1280,720,che,364,222,545,656
che657.jpg,1280,720,che,359,226,546,677
che658.jpg,1280,720,che,356,222,545,672
che659.jpg,1280,720,che,351,223,536,689
che660.jpg,1280,720,che,353,216,538,658
che661.jpg,1280,720,che,351,227,531,692
che662.jpg,1280,720,che,333,222,534,694
che663.jpg,1280,720,che,332,223,522,681
che664.jpg,1280,720,che,339,222,512,676
che665.jpg,1280,720,che,328,223,513,652
che666.jpg,1280,720,che,331,222,512,667
che667.jpg,1280,720,che,331,224,508,660
che668.jpg,1280,720,che,321,231,509,659
che669.jpg,1280,720,che,317,228,503,677
che670.jpg,1280,720,che,321,234,501,683
che671.jpg,1280,720,che,313,224,493,691
che672.jpg,1280,720,che,310,227,492,656
che673.jpg,1280,720,che,306,231,495,656
che674.jpg,1280,720,che,302,227,488,683
che675.jpg,1280,720,che,291,225,488,693
che676.jpg,1280,720,che,296,223,478,693
che677.jpg,1280,720,che,286,227,472,705
che678.jpg,1280,720,che,280,225,464,682
che679.jpg,1280,720,che,281,228,473,683
che680.jpg,1280,720,che,281,233,468,689
che681.jpg,1280,720,che,264,233,462,682
che682.jpg,1280,720,che,275,233,465,674
che683.jpg,1280,720,che,278,227,456,690
che684.jpg,1280,720,che,271,235,457,693
che685.jpg,1280,720,che,268,231,455,693
che686.jpg,1280,720,che,260,232,452,650
che687.jpg,1280,720,che,262,228,451,691
che688.jpg,1280,720,che,270,232,457,687
gne286.jpg,1280,720,gne,480,204,657,631
gne287.jpg,1280,720,gne,472,210,661,628
gne288.jpg,1280,720,gne,479,213,661,638
gne289.jpg,1280,720,gne,483,208,664,659
gne290.jpg,1280,720,gne,475,212,668,634
gne291.jpg,1280,720,gne,485,211,674,630
gne292.jpg,1280,720,gne,483,208,673,589
gne293.jpg,1280,720,gne,486,205,672,622
gne294.jpg,1280,720,gne,488,211,679,627
gne295.jpg,1280,720,gne,488,211,676,616
gne296.jpg,1280,720,gne,489,211,679,621
gne297.jpg,1280,720,gne,490,213,684,641
gne298.jpg,1280,720,gne,497,213,690,669
gne299.jpg,1280,720,gne,495,212,692,645
gne300.jpg,1280,720,gne,500,212,686,670
gne301.jpg,1280,720,gne,497,210,695,587
gne302.jpg,1280,720,gne,505,215,691,582
gne303.jpg,1280,720,gne,507,215,694,625
gne304.jpg,1280,720,gne,506,212,695,615
gne305.jpg,1280,720,gne,512,211,694,600
gne306.jpg,1280,720,gne,512,214,699,632
gne307.jpg,1280,720,gne,513,214,696,644
gne308.jpg,1280,720,gne,517,214,701,593
gne309.jpg,1280,720,gne,512,218,701,631
gne310.jpg,1280,720,gne,512,219,701,619
gne311.jpg,1280,720,gne,517,211,706,640
gne312.jpg,1280,720,gne,517,216,708,613
gne313.jpg,1280,720,gne,514,217,714,611
gne314.jpg,1280,720,gne,519,207,718,628
gne315.jpg,1280,720,gne,520,215,714,606
gne316.jpg,1280,720,gne,523,215,718,625
gne317.jpg,1280,720,gne,523,216,722,615
gne318.jpg,1280,720,gne,529,212,721,633
gne319.jpg,1280,720,gne,523,219,723,622
gne320.jpg,1280,720,gne,532,217,723,630
gne321.jpg,1280,720,gne,534,218,717,628
gne322.jpg,1280,720,gne,530,221,725,616
gne323.jpg,1280,720,gne,532,221,721,616
gne324.jpg,1280,720,gne,540,217,728,611
gne325.jpg,1280,720,gne,534,221,731,627
gne326.jpg,1280,720,gne,538,222,732,616
gne327.jpg,1280,720,gne,536,210,734,635
gne328.jpg,1280,720,gne,550,218,736,645
gne329.jpg,1280,720,gne,541,218,740,621
gne330.jpg,1280,720,gne,548,215,731,622
gne331.jpg,1280,720,gne,545,218,728,598
gne332.jpg,1280,720,gne,554,217,734,572
gne333.jpg,1280,720,gne,548,220,743,594
gne334.jpg,1280,720,gne,546,221,746,606
gne335.jpg,1280,720,gne,550,222,750,594
gne336.jpg,1280,720,gne,549,220,751,606
gne337.jpg,1280,720,gne,548,219,745,640
gne338.jpg,1280,720,gne,541,212,754,638
gne339.jpg,1280,720,gne,545,220,752,628
gne340.jpg,1280,720,gne,552,223,739,609
gne341.jpg,1280,720,gne,537,211,745,613
gne342.jpg,1280,720,gne,551,216,756,590
gne343.jpg,1280,720,gne,559,224,751,633
gne344.jpg,1280,720,gne,550,225,752,627
gne345.jpg,1280,720,gne,549,220,760,599
gne346.jpg,1280,720,gne,561,218,757,587
gne347.jpg,1280,720,gne,559,224,761,603
gne348.jpg,1280,720,gne,562,221,767,606
gne349.jpg,1280,720,gne,559,216,769,601
gne350.jpg,1280,720,gne,561,222,776,577
gne351.jpg,1280,720,gne,563,220,769,613
gne352.jpg,1280,720,gne,567,210,774,605
gne353.jpg,1280,720,gne,562,224,776,600
gne354.jpg,1280,720,gne,566,222,779,574
gne355.jpg,1280,720,gne,567,220,767,581
gne356.jpg,1280,720,gne,566,222,766,584
gne357.jpg,1280,720,gne,566,221,766,600
gne358.jpg,1280,720,gne,564,222,746,605
gne359.jpg,1280,720,gne,553,218,758,589
gne360.jpg,1280,720,gne,556,217,757,605
gne361.jpg,1280,720,gne,549,217,751,622
gne362.jpg,1280,720,gne,551,219,748,583
gne363.jpg,1280,720,gne,545,217,752,615
gne364.jpg,1280,720,gne,545,217,752,609
gne365.jpg,1280,720,gne,533,213,730,599
gne366.jpg,1280,720,gne,538,216,730,584
gne367.jpg,1280,720,gne,536,209,734,605
gne368.jpg,1280,720,gne,534,206,733,596
gne369.jpg,1280,720,gne,529,211,712,631
gne370.jpg,1280,720,gne,521,210,719,617
gne371.jpg,1280,720,gne,523,212,723,611
gne372.jpg,1280,720,gne,515,203,711,615
gne373.jpg,1280,720,gne,513,201,710,625
gne374.jpg,1280,720,gne,518,204,701,610
gne375.jpg,1280,720,gne,501,207,703,605
gne376.jpg,1280,720,gne,513,205,699,611
gne377.jpg,1280,720,gne,515,205,708,576
gne378.jpg,1280,720,gne,512,206,690,608
gne379.jpg,1280,720,gne,496,207,694,587
gne380.jpg,1280,720,gne,500,210,684,597
gne381.jpg,1280,720,gne,498,198,691,608
gne382.jpg,1280,720,gne,492,208,697,580
gne383.jpg,1280,720,gne,491,199,682,588
gne384.jpg,1280,720,gne,486,205,679,596
gne385.jpg,1280,720,gne,483,207,671,577
gne386.jpg,1280,720,gne,478,198,672,611
gne387.jpg,1280,720,gne,482,201,662,610
gne388.jpg,1280,720,gne,473,199,666,578
gne389.jpg,1280,720,gne,469,202,667,597
gne390.jpg,1280,720,gne,473,196,651,600
gne391.jpg,1280,720,gne,456,200,662,589
gne392.jpg,1280,720,gne,464,200,625,584
gne393.jpg,1280,720,gne,457,201,656,584
gne394.jpg,1280,720,gne,461,196,655,590
gne395.jpg,1280,720,gne,452,196,653,562
gne396.jpg,1280,720,gne,441,192,651,592
gne397.jpg,1280,720,gne,448,194,649,593
gne398.jpg,1280,720,gne,445,194,646,608
gne399.jpg,1280,720,gne,448,199,640,616
gne400.jpg,1280,720,gne,439,198,643,604
gne401.jpg,1280,720,gne,440,194,629,616
gne402.jpg,1280,720,gne,440,197,655,627
gne403.jpg,1280,720,gne,429,188,633,621
gne404.jpg,1280,720,gne,437,191,629,622
gne405.jpg,1280,720,gne,425,194,629,619
gne406.jpg,1280,720,gne,423,191,627,605
gne407.jpg,1280,720,gne,420,194,606,598
gne408.jpg,1280,720,gne,429,190,620,630
gne409.jpg,1280,720,gne,420,189,629,627
gne410.jpg,1280,720,gne,428,194,640,608
gne411.jpg,1280,720,gne,417,180,624,600
gne412.jpg,1280,720,gne,423,196,620,612
gne413.jpg,1280,720,gne,418,187,590,589
gne414.jpg,1280,720,gne,416,192,624,625
gne415.jpg,1280,720,gne,417,185,618,620
gne416.jpg,1280,720,gne,412,195,613,593
gne417.jpg,1280,720,gne,405,192,613,621
gne418.jpg,1280,720,gne,409,188,623,611
gne419.jpg,1280,720,gne,406,194,612,633
gne420.jpg,1280,720,gne,397,195,614,625
gne421.jpg,1280,720,gne,401,192,612,639
gne422.jpg,1280,720,gne,396,194,591,653
gne423.jpg,1280,720,gne,385,194,601,644
gne424.jpg,1280,720,gne,401,183,584,657
gne425.jpg,1280,720,gne,389,189,591,659
gne426.jpg,1280,720,gne,386,187,605,664
gne427.jpg,1280,720,gne,387,197,603,665
gne428.jpg,1280,720,gne,380,181,583,672
gne429.jpg,1280,720,gne,367,185,595,644
gne430.jpg,1280,720,gne,376,191,588,666
gne431.jpg,1280,720,gne,368,190,577,642
gne432.jpg,1280,720,gne,373,181,590,675
gne433.jpg,1280,720,gne,373,192,590,672
gne434.jpg,1280,720,gne,363,195,583,667
gne435.jpg,1280,720,gne,353,187,575,677
gne436.jpg,1280,720,gne,361,188,586,659
gne437.jpg,1280,720,gne,360,186,573,651
gne438.jpg,1280,720,gne,350,180,585,650
gne439.jpg,1280,720,gne,356,185,568,655
gne440.jpg,1280,720,gne,344,184,571,660
gne441.jpg,1280,720,gne,343,184,579,648
gne442.jpg,1280,720,gne,329,194,558,641
gne443.jpg,1280,720,gne,329,184,562,640
gne444.jpg,1280,720,gne,323,189,559,664
gne445.jpg,1280,720,gne,327,190,553,672
gne446.jpg,1280,720,gne,332,191,552,672
gne447.jpg,1280,720,gne,324,184,553,674
gne448.jpg,1280,720,gne,324,182,552,643
gne449.jpg,1280,720,gne,326,182,569,613
gne450.jpg,1280,720,gne,319,186,551,644
gne451.jpg,1280,720,gne,317,186,534,647
gne452.jpg,1280,720,gne,311,186,539,662
gne453.jpg,1280,720,gne,310,187,558,693
gne454.jpg,1280,720,gne,317,188,548,632
gne455.jpg,1280,720,gne,307,186,551,682
gne456.jpg,1280,720,gne,306,177,547,650
gne457.jpg,1280,720,gne,305,185,549,674
He503.jpg,1280,720,ha,355,89,658,629
He504.jpg,1280,720,ha,356,86,659,651
He505.jpg,1280,720,ha,356,83,662,667
He506.jpg,1280,720,ha,354,77,667,627
He507.jpg,1280,720,ha,358,81,656,641
He508.jpg,1280,720,ha,345,77,666,669
He509.jpg,1280,720,ha,351,74,656,652
He510.jpg,1280,720,ha,352,83,661,605
He511.jpg,1280,720,ha,348,82,657,644
He512.jpg,1280,720,ha,358,84,661,631
He513.jpg,1280,720,ha,345,81,662,632
He514.jpg,1280,720,ha,345,81,663,614
He515.jpg,1280,720,ha,347,80,663,639
He516.jpg,1280,720,ha,352,76,662,633
He517.jpg,1280,720,ha,349,76,662,642
He518.jpg,1280,720,ha,345,73,657,618
He519.jpg,1280,720,ha,339,71,664,618
He520.jpg,1280,720,ha,333,63,660,620
He521.jpg,1280,720,ha,329,61,661,666
He522.jpg,1280,720,ha,332,66,654,652
He523.jpg,1280,720,ha,324,64,655,650
He524.jpg,1280,720,ha,324,66,659,638
He525.jpg,1280,720,ha,319,64,656,633
He526.jpg,1280,720,ha,307,63,659,636
He527.jpg,1280,720,ha,307,47,655,651
He528.jpg,1280,720,ha,313,57,652,671
He529.jpg,1280,720,ha,312,61,655,666
He530.jpg,1280,720,ha,291,49,651,619
He531.jpg,1280,720,ha,306,44,658,669
He532.jpg,1280,720,ha,302,46,669,699
He533.jpg,1280,720,ha,299,45,659,682
He534.jpg,1280,720,ha,301,43,662,697
He535.jpg,1280,720,ha,303,39,653,716
He536.jpg,1280,720,ha,302,27,655,720
He537.jpg,1280,720,ha,304,43,652,720
He538.jpg,1280,720,ha,303,39,654,720
He539.jpg,1280,720,ha,295,37,664,720
He540.jpg,1280,720,ha,298,41,649,714
He541.jpg,1280,720,ha,294,44,660,714
He542.jpg,1280,720,ha,308,42,655,706
He543.jpg,1280,720,ha,300,42,659,711
He544.jpg,1280,720,ha,304,40,651,713
He545.jpg,1280,720,ha,300,40,650,682
He546.jpg,1280,720,ha,302,44,648,686
He547.jpg,1280,720,ha,311,48,656,670
He548.jpg,1280,720,ha,301,51,655,699
He549.jpg,1280,720,ha,295,52,644,712
He550.jpg,1280,720,ha,300,51,651,690
He551.jpg,1280,720,ha,304,54,646,642
He552.jpg,1280,720,ha,299,56,646,667
He553.jpg,1280,720,ha,299,58,637,695
He554.jpg,1280,720,ha,306,61,647,693
He555.jpg,1280,720,ha,299,64,646,708
He556.jpg,1280,720,ha,300,75,630,711
He557.jpg,1280,720,ha,313,69,651,657
He558.jpg,1280,720,ha,307,70,649,683
He559.jpg,1280,720,ha,305,81,652,702
He560.jpg,1280,720,ha,307,83,645,689
He561.jpg,1280,720,ha,301,77,647,673
He562.jpg,1280,720,ha,311,94,647,698
He563.jpg,1280,720,ha,315,93,649,680
He564.jpg,1280,720,ha,305,90,639,682
He565.jpg,1280,720,ha,312,87,647,711
He566.jpg,1280,720,ha,308,97,650,693
He567.jpg,1280,720,ha,305,93,641,688
He568.jpg,1280,720,ha,313,109,640,709
He569.jpg,1280,720,ha,318,102,644,720
He570.jpg,1280,720,ha,303,102,638,674
He571.jpg,1280,720,ha,316,116,640,677
He572.jpg,1280,720,ha,303,116,637,685
He573.jpg,1280,720,ha,315,130,643,713
He574.jpg,1280,720,ha,308,121,638,711
He575.jpg,1280,720,ha,324,127,636,676
He576.jpg,1280,720,ha,305,133,636,672
He577.jpg,1280,720,ha,312,131,628,696
He578.jpg,1280,720,ha,308,133,629,694
He579.jpg,1280,720,ha,320,136,629,695
He580.jpg,1280,720,ha,316,140,632,696
He581.jpg,1280,720,ha,317,142,625,700
He582.jpg,1280,720,ha,313,155,617,689
He583.jpg,1280,720,ha,323,149,633,712
He584.jpg,1280,720,ha,314,156,624,689
He585.jpg,1280,720,ha,323,163,619,683
He586.jpg,1280,720,ha,312,162,615,712
He587.jpg,1280,720,ha,310,152,613,706
He588.jpg,1280,720,ha,312,160,614,720
He589.jpg,1280,720,ha,305,164,612,700
He590.jpg,1280,720,ha,308,164,609,720
He591.jpg,1280,720,ha,307,171,605,654
He592.jpg,1280,720,ha,311,165,606,719
He593.jpg,1280,720,ha,301,168,606,673
He594.jpg,1280,720,ha,308,177,607,676
He595.jpg,1280,720,ha,312,178,600,680
He596.jpg,1280,720,ha,298,182,594,670
He597.jpg,1280,720,ha,299,174,595,679
He598.jpg,1280,720,ha,306,177,594,685
He599.jpg,1280,720,ha,300,183,589,683
He600.jpg,1280,720,ha,301,190,596,689
He601.jpg,1280,720,ha,301,187,586,684
He602.jpg,1280,720,ha,295,195,588,682
He603.jpg,1280,720,ha,287,194,583,684
He604.jpg,1280,720,ha,298,195,581,682
He605.jpg,1280,720,ha,291,193,587,689
He606.jpg,1280,720,ha,297,198,590,706
He607.jpg,1280,720,ha,306,197,586,679
He608.jpg,1280,720,ha,306,206,581,696
He609.jpg,1280,720,ha,310,205,588,689
He610.jpg,1280,720,ha,299,211,589,687
He611.jpg,1280,720,ha,306,219,581,689
He612.jpg,1280,720,ha,312,224,582,694
He613.jpg,1280,720,ha,302,214,588,694
He614.jpg,1280,720,ha,300,209,578,705
He615.jpg,1280,720,ha,307,218,596,720
He616.jpg,1280,720,ha,302,224,581,711
He617.jpg,1280,720,ha,306,217,583,705
He618.jpg,1280,720,ha,311,216,574,716
He619.jpg,1280,720,ha,319,222,583,704
He620.jpg,1280,720,ha,314,227,582,711
He621.jpg,1280,720,ha,317,217,570,709
He622.jpg,1280,720,ha,312,227,584,711
He623.jpg,1280,720,ha,317,229,574,692
He624.jpg,1280,720,ha,314,232,577,696
He625.jpg,1280,720,ha,319,227,578,672
He626.jpg,1280,720,ha,317,230,580,663
He627.jpg,1280,720,ha,317,227,573,656
He628.jpg,1280,720,ha,319,233,572,675
He629.jpg,1280,720,ha,311,233,575,664
He630.jpg,1280,720,ha,323,230,584,645
He631.jpg,1280,720,ha,326,227,579,678
He632.jpg,1280,720,ha,324,240,571,708
He633.jpg,1280,720,ha,328,234,562,674
He634.jpg,1280,720,ha,324,240,573,690
He635.jpg,1280,720,ha,323,234,576,688
He636.jpg,1280,720,ha,326,240,578,664
He637.jpg,1280,720,ha,317,240,578,689
He638.jpg,1280,720,ha,323,238,570,699
He639.jpg,1280,720,ha,326,239,566,675
He640.jpg,1280,720,ha,330,246,565,686
He641.jpg,1280,720,ha,326,246,570,703
He642.jpg,1280,720,ha,326,249,566,681
He643.jpg,1280,720,ha,326,250,568,653
He644.jpg,1280,720,ha,330,253,569,653
He645.jpg,1280,720,ha,328,254,572,669
He646.jpg,1280,720,ha,328,251,566,645
He647.jpg,1280,720,ha,330,251,570,693
He648.jpg,1280,720,ha,334,255,569,697
He649.jpg,1280,720,ha,328,259,564,679
He650.jpg,1280,720,ha,327,259,565,692
He651.jpg,1280,720,ha,328,261,564,701
He652.jpg,1280,720,ha,328,260,566,689
He653.jpg,1280,720,ha,324,257,560,671
He654.jpg,1280,720,ha,326,256,564,675
He655.jpg,1280,720,ha,325,258,567,700
He656.jpg,1280,720,ha,326,260,560,681
He657.jpg,1280,720,ha,329,261,556,700
He658.jpg,1280,720,ha,324,265,562,705
He659.jpg,1280,720,ha,329,266,557,687
He660.jpg,1280,720,ha,325,262,558,677
He661.jpg,1280,720,ha,327,268,558,684
He662.jpg,1280,720,ha,327,269,557,704
He663.jpg,1280,720,ha,327,271,559,711
He664.jpg,1280,720,ha,320,268,551,709
He665.jpg,1280,720,ha,326,271,542,705
He666.jpg,1280,720,ha,319,269,547,706
He667.jpg,1280,720,ha,321,271,547,708
He668.jpg,1280,720,ha,326,273,549,720
He669.jpg,1280,720,ha,327,272,549,720
He670.jpg,1280,720,ha,330,277,567,705
He671.jpg,1280,720,ha,327,273,553,685
He672.jpg,1280,720,ha,324,278,551,685
He673.jpg,1280,720,ha,328,279,553,683
He674.jpg,1280,720,ha,329,279,555,708
hhe1208.jpg,1280,720,he,254,240,489,717
hhe1209.jpg,1280,720,he,252,229,475,708
hhe1210.jpg,1280,720,he,257,233,491,703
hhe1211.jpg,1280,720,he,267,224,489,718
hhe1212.jpg,1280,720,he,271,232,489,718
hhe1213.jpg,1280,720,he,272,222,495,705
hhe1214.jpg,1280,720,he,282,221,498,699
hhe1215.jpg,1280,720,he,293,227,498,720
hhe1216.jpg,1280,720,he,277,227,502,712
hhe1217.jpg,1280,720,he,295,222,522,718
hhe1218.jpg,1280,720,he,301,223,478,651
hhe1219.jpg,1280,720,he,297,219,507,702
hhe1220.jpg,1280,720,he,301,222,514,701
hhe1221.jpg,1280,720,he,305,219,526,712
hhe1222.jpg,1280,720,he,301,213,529,711
hhe1223.jpg,1280,720,he,309,214,529,711
hhe1224.jpg,1280,720,he,312,216,534,713
hhe1225.jpg,1280,720,he,322,210,533,705
hhe1226.jpg,1280,720,he,328,212,534,720
hhe1227.jpg,1280,720,he,322,207,539,720
hhe1228.jpg,1280,720,he,332,209,546,720
hhe1229.jpg,1280,720,he,328,213,545,705
hhe1230.jpg,1280,720,he,323,211,544,718
hhe1231.jpg,1280,720,he,331,213,568,712
hhe1232.jpg,1280,720,he,323,215,569,700
hhe1233.jpg,1280,720,he,326,204,563,683
hhe1234.jpg,1280,720,he,334,208,547,707
hhe1235.jpg,1280,720,he,335,203,575,711
hhe1236.jpg,1280,720,he,340,213,579,706
hhe1237.jpg,1280,720,he,340,205,588,711
hhe1238.jpg,1280,720,he,349,214,580,701
hhe1239.jpg,1280,720,he,347,210,574,693
hhe1240.jpg,1280,720,he,356,215,567,695
hhe1241.jpg,1280,720,he,361,215,562,693
hhe1242.jpg,1280,720,he,360,202,567,713
hhe1243.jpg,1280,720,he,356,215,568,705
hhe1244.jpg,1280,720,he,362,210,554,719
hhe1245.jpg,1280,720,he,363,210,580,713
hhe1246.jpg,1280,720,he,366,208,583,706
hhe1247.jpg,1280,720,he,364,214,582,717
hhe1248.jpg,1280,720,he,362,213,576,720
hhe1249.jpg,1280,720,he,374,200,579,701
hhe1250.jpg,1280,720,he,380,202,586,698
hhe1251.jpg,1280,720,he,374,206,588,699
hhe1252.jpg,1280,720,he,387,197,585,720
hhe1253.jpg,1280,720,he,388,206,590,705
hhe1254.jpg,1280,720,he,389,202,595,711
hhe1255.jpg,1280,720,he,393,204,593,707
hhe1256.jpg,1280,720,he,391,211,601,714
hhe1257.jpg,1280,720,he,401,216,573,695
hhe1258.jpg,1280,720,he,389,210,606,705
hhe1259.jpg,1280,720,he,401,216,606,714
hhe1260.jpg,1280,720,he,402,212,609,717
hhe1261.jpg,1280,720,he,408,208,612,720
hhe1262.jpg,1280,720,he,401,212,618,707
hhe1263.jpg,1280,720,he,406,211,623,709
hhe1264.jpg,1280,720,he,409,211,626,720
hhe1265.jpg,1280,720,he,410,216,615,718
hhe1266.jpg,1280,720,he,405,214,613,711
hhe1267.jpg,1280,720,he,408,214,617,720
hhe1268.jpg,1280,720,he,420,208,627,690
hhe1269.jpg,1280,720,he,421,214,627,715
hhe1270.jpg,1280,720,he,417,209,621,687
hhe1271.jpg,1280,720,he,412,216,623,709
hhe1272.jpg,1280,720,he,420,210,635,707
hhe1273.jpg,1280,720,he,420,216,627,700
hhe1274.jpg,1280,720,he,430,216,631,716
hhe1275.jpg,1280,720,he,423,226,631,718
hhe1276.jpg,1280,720,he,426,216,645,704
hhe1277.jpg,1280,720,he,440,211,640,709
hhe1278.jpg,1280,720,he,438,214,647,705
hhe1279.jpg,1280,720,he,445,222,651,710
hhe1280.jpg,1280,720,he,451,226,647,718
hhe1281.jpg,1280,720,he,448,218,641,715
hhe1282.jpg,1280,720,he,458,216,660,716
hhe1283.jpg,1280,720,he,453,216,662,708
hhe1284.jpg,1280,720,he,451,225,666,717
hhe1285.jpg,1280,720,he,447,211,665,705
hhe1286.jpg,1280,720,he,474,216,667,720
hhe1287.jpg,1280,720,he,466,214,671,698
hhe1288.jpg,1280,720,he,459,211,667,718
hhe1289.jpg,1280,720,he,465,217,664,718
hhe1290.jpg,1280,720,he,477,225,656,697
hhe1291.jpg,1280,720,he,473,222,674,710
hhe1292.jpg,1280,720,he,466,220,676,720
hhe1293.jpg,1280,720,he,472,216,674,720
hhe1294.jpg,1280,720,he,477,219,674,720
hhe1295.jpg,1280,720,he,473,225,665,709
hhe1296.jpg,1280,720,he,485,217,684,720
hhe1297.jpg,1280,720,he,478,210,695,701
hhe1298.jpg,1280,720,he,484,222,679,720
hhe1299.jpg,1280,720,he,483,218,697,672
hhe1300.jpg,1280,720,he,491,219,672,694
hhe1301.jpg,1280,720,he,485,204,693,701
hhe1302.jpg,1280,720,he,499,221,695,710
hhe1303.jpg,1280,720,he,501,225,700,720
hhe1304.jpg,1280,720,he,497,216,717,700
hhe1305.jpg,1280,720,he,496,221,723,701
hhe1306.jpg,1280,720,he,508,209,723,708
hhe1307.jpg,1280,720,he,512,222,721,712
hhe1308.jpg,1280,720,he,507,226,722,706
hhe1309.jpg,1280,720,he,506,224,707,704
hhe1310.jpg,1280,720,he,513,226,718,720
hhe1311.jpg,1280,720,he,518,216,730,688
hhe1312.jpg,1280,720,he,526,216,740,716
hhe1313.jpg,1280,720,he,525,219,743,700
hhe1314.jpg,1280,720,he,504,218,740,711
hhe1315.jpg,1280,720,he,525,211,741,720
hhe1316.jpg,1280,720,he,530,224,745,707
hhe1317.jpg,1280,720,he,532,225,745,716
hhe1318.jpg,1280,720,he,529,222,739,720
hhe1319.jpg,1280,720,he,535,221,734,705
hhe1320.jpg,1280,720,he,538,227,750,720
hhe1321.jpg,1280,720,he,535,225,762,715
hhe1322.jpg,1280,720,he,534,227,756,714
hhe1323.jpg,1280,720,he,537,222,767,712
hhe1324.jpg,1280,720,he,539,223,774,701
hhe1325.jpg,1280,720,he,539,221,757,720
hhe1326.jpg,1280,720,he,545,233,777,718
hhe1327.jpg,1280,720,he,551,223,770,717
hhe1328.jpg,1280,720,he,546,219,776,703
hhe1329.jpg,1280,720,he,551,223,771,718
hhe1330.jpg,1280,720,he,548,225,782,693
hhe1331.jpg,1280,720,he,545,227,764,708
hhe1332.jpg,1280,720,he,546,219,771,705
hhe1333.jpg,1280,720,he,552,228,765,700
hhe1334.jpg,1280,720,he,546,226,771,716
hhe1335.jpg,1280,720,he,550,227,765,692
hhe1336.jpg,1280,720,he,556,229,783,711
hhe1337.jpg,1280,720,he,556,229,772,694
hhe1338.jpg,1280,720,he,556,229,773,697
hhe1339.jpg,1280,720,he,550,227,767,681
hhe1340.jpg,1280,720,he,548,231,764,697
hhe1341.jpg,1280,720,he,555,230,775,700
hhe1342.jpg,1280,720,he,551,233,775,702
hhe1343.jpg,1280,720,he,553,227,770,711
hhe1344.jpg,1280,720,he,552,232,778,693
hhe1345.jpg,1280,720,he,556,229,771,694
hhe1346.jpg,1280,720,he,560,229,772,674
hhe1347.jpg,1280,720,he,560,224,772,700
hhe1348.jpg,1280,720,he,556,228,780,677
hhe1349.jpg,1280,720,he,566,231,783,683
hhe1350.jpg,1280,720,he,560,225,779,694
hhe1351.jpg,1280,720,he,563,232,795,684
hhe1352.jpg,1280,720,he,566,224,776,692
hhe1353.jpg,1280,720,he,573,232,797,686
hhe1354.jpg,1280,720,he,571,233,763,665
hhe1355.jpg,1280,720,he,567,232,785,668
hhe1356.jpg,1280,720,he,564,233,795,666
hhe1357.jpg,1280,720,he,575,235,791,654
hhe1358.jpg,1280,720,he,567,239,792,678
hhe1359.jpg,1280,720,he,573,237,804,682
hhe1360.jpg,1280,720,he,590,242,799,666
hhe1361.jpg,1280,720,he,578,244,786,643
hhe1362.jpg,1280,720,he,591,237,806,663
hhe1363.jpg,1280,720,he,584,238,801,702
hhe1364.jpg,1280,720,he,582,237,808,694
hhe1365.jpg,1280,720,he,584,236,801,701
hhe1366.jpg,1280,720,he,601,242,816,700
hhe1367.jpg,1280,720,he,593,242,814,671
hhe1368.jpg,1280,720,he,599,238,816,688
hhe1369.jpg,1280,720,he,591,239,812,660
hhe1370.jpg,1280,720,he,592,246,811,699
hhe1371.jpg,1280,720,he,589,241,818,691
hhe1372.jpg,1280,720,he,599,232,817,689
hhe1373.jpg,1280,720,he,610,226,824,658
hhe1374.jpg,1280,720,he,593,239,824,666
hhe1375.jpg,1280,720,he,601,238,817,705
hhe1376.jpg,1280,720,he,601,241,815,689
hhe1377.jpg,1280,720,he,599,240,823,671
hhe1378.jpg,1280,720,he,608,241,829,656
hhe1379.jpg,1280,720,he,610,235,834,668
hhe1380.jpg,1280,720,he,621,242,838,687
hhe1381.jpg,1280,720,he,614,239,838,694
hhhe488.jpg,1280,720,hhe,380,331,591,680
hhhe489.jpg,1280,720,hhe,374,333,586,676
hhhe490.jpg,1280,720,hhe,373,328,593,686
hhhe491.jpg,1280,720,hhe,373,327,589,690
hhhe492.jpg,1280,720,hhe,381,329,585,674
hhhe493.jpg,1280,720,hhe,375,330,595,669
hhhe494.jpg,1280,720,hhe,367,334,591,647
hhhe495.jpg,1280,720,hhe,385,327,589,689
hhhe496.jpg,1280,720,hhe,384,326,599,657
hhhe497.jpg,1280,720,hhe,384,329,599,664
hhhe498.jpg,1280,720,hhe,384,329,596,669
hhhe499.jpg,1280,720,hhe,375,329,592,650
hhhe500.jpg,1280,720,hhe,379,320,595,658
hhhe501.jpg,1280,720,hhe,379,329,574,663
hhhe502.jpg,1280,720,hhe,374,325,596,659
hhhe503.jpg,1280,720,hhe,382,320,589,701
hhhe504.jpg,1280,720,hhe,385,332,598,677
hhhe505.jpg,1280,720,hhe,376,327,597,662
hhhe506.jpg,1280,720,hhe,382,324,595,694
hhhe507.jpg,1280,720,hhe,377,331,590,676
hhhe508.jpg,1280,720,hhe,377,319,591,669
hhhe509.jpg,1280,720,hhe,377,329,577,663
hhhe510.jpg,1280,720,hhe,371,313,591,652
hhhe511.jpg,1280,720,hhe,384,327,604,696
hhhe512.jpg,1280,720,hhe,375,326,585,677
hhhe513.jpg,1280,720,hhe,371,332,597,666
hhhe514.jpg,1280,720,hhe,385,320,579,668
hhhe515.jpg,1280,720,hhe,377,327,579,689
hhhe516.jpg,1280,720,hhe,384,325,585,678
hhhe517.jpg,1280,720,hhe,380,319,594,639
hhhe518.jpg,1280,720,hhe,373,323,588,656
hhhe519.jpg,1280,720,hhe,372,324,594,658
hhhe520.jpg,1280,720,hhe,381,327,578,661
hhhe521.jpg,1280,720,hhe,372,329,579,664
hhhe522.jpg,1280,720,hhe,374,334,587,675
hhhe523.jpg,1280,720,hhe,373,332,576,666
hhhe524.jpg,1280,720,hhe,375,331,576,670
hhhe525.jpg,1280,720,hhe,372,329,579,635
hhhe526.jpg,1280,720,hhe,377,331,584,661
hhhe527.jpg,1280,720,hhe,368,332,579,699
hhhe528.jpg,1280,720,hhe,374,318,574,689
hhhe529.jpg,1280,720,hhe,371,326,577,667
hhhe530.jpg,1280,720,hhe,367,327,581,692
hhhe531.jpg,1280,720,hhe,370,326,578,677
hhhe532.jpg,1280,720,hhe,363,332,579,655
hhhe533.jpg,1280,720,hhe,372,321,573,649
hhhe534.jpg,1280,720,hhe,368,324,573,677
hhhe535.jpg,1280,720,hhe,367,329,582,670
hhhe536.jpg,1280,720,hhe,379,332,576,683
hhhe537.jpg,1280,720,hhe,365,328,581,679
hhhe538.jpg,1280,720,hhe,368,324,590,691
hhhe539.jpg,1280,720,hhe,379,321,577,696
hhhe540.jpg,1280,720,hhe,380,323,577,680
hhhe541.jpg,1280,720,hhe,368,327,576,676
hhhe542.jpg,1280,720,hhe,378,307,577,658
hhhe543.jpg,1280,720,hhe,373,322,584,654
hhhe544.jpg,1280,720,hhe,379,328,581,682
hhhe545.jpg,1280,720,hhe,378,319,581,676
hhhe546.jpg,1280,720,hhe,366,327,587,675
hhhe547.jpg,1280,720,hhe,374,330,580,679
hhhe548.jpg,1280,720,hhe,379,330,580,670
hhhe549.jpg,1280,720,hhe,377,335,579,677
hhhe550.jpg,1280,720,hhe,375,326,589,691
hhhe551.jpg,1280,720,hhe,374,332,590,665
hhhe552.jpg,1280,720,hhe,374,322,584,672
hhhe553.jpg,1280,720,hhe,380,337,581,659
hhhe554.jpg,1280,720,hhe,378,324,579,660
hhhe555.jpg,1280,720,hhe,378,334,575,681
hhhe556.jpg,1280,720,hhe,375,328,580,664
hhhe557.jpg,1280,720,hhe,377,328,580,643
hhhe558.jpg,1280,720,hhe,373,327,572,670
hhhe559.jpg,1280,720,hhe,368,330,574,691
hhhe560.jpg,1280,720,hhe,375,317,577,686
hhhe561.jpg,1280,720,hhe,377,331,580,682
hhhe562.jpg,1280,720,hhe,374,328,579,681
hhhe563.jpg,1280,720,hhe,373,332,572,682
hhhe564.jpg,1280,720,hhe,371,333,574,672
hhhe565.jpg,1280,720,hhe,373,325,581,667
hhhe566.jpg,1280,720,hhe,368,328,578,681
hhhe567.jpg,1280,720,hhe,376,327,573,663
hhhe568.jpg,1280,720,hhe,373,321,579,656
hhhe569.jpg,1280,720,hhe,373,323,578,707
hhhe570.jpg,1280,720,hhe,373,332,573,684
hhhe571.jpg,1280,720,hhe,375,326,579,629
hhhe572.jpg,1280,720,hhe,374,328,578,660
hhhe573.jpg,1280,720,hhe,378,322,578,679
hhhe574.jpg,1280,720,hhe,377,322,580,687
hhhe575.jpg,1280,720,hhe,369,324,581,700
hhhe576.jpg,1280,720,hhe,381,322,571,693
hhhe577.jpg,1280,720,hhe,373,321,573,650
hhhe578.jpg,1280,720,hhe,370,325,578,672
hhhe579.jpg,1280,720,hhe,369,323,568,694
hhhe580.jpg,1280,720,hhe,369,323,572,699
hhhe581.jpg,1280,720,hhe,363,316,566,675
hhhe582.jpg,1280,720,hhe,372,317,571,704
hhhe583.jpg,1280,720,hhe,373,307,571,649
hhhe584.jpg,1280,720,hhe,370,322,567,682
hhhe585.jpg,1280,720,hhe,362,322,566,696
hhhe586.jpg,1280,720,hhe,361,315,560,705
hhhe587.jpg,1280,720,hhe,361,320,562,674
hhhe588.jpg,1280,720,hhe,364,315,562,677
hhhe589.jpg,1280,720,hhe,363,316,559,662
hhhe590.jpg,1280,720,hhe,368,314,563,696
hhhe591.jpg,1280,720,hhe,362,321,562,670
hhhe592.jpg,1280,720,hhe,368,321,559,692
hhhe593.jpg,1280,720,hhe,367,322,560,685
hhhe594.jpg,1280,720,hhe,365,318,562,677
hhhe595.jpg,1280,720,hhe,370,315,562,686
hhhe596.jpg,1280,720,hhe,367,310,568,692
hhhe597.jpg,1280,720,hhe,374,317,566,665
hhhe598.jpg,1280,720,hhe,367,319,572,698
hhhe599.jpg,1280,720,hhe,367,322,567,700
hhhe600.jpg,1280,720,hhe,373,320,573,651
hhhe601.jpg,1280,720,hhe,372,322,576,673
hhhe602.jpg,1280,720,hhe,368,322,568,650
hhhe603.jpg,1280,720,hhe,365,323,566,660
hhhe604.jpg,1280,720,hhe,374,316,568,675
hhhe605.jpg,1280,720,hhe,364,321,567,672
hhhe606.jpg,1280,720,hhe,363,323,562,672
hhhe607.jpg,1280,720,hhe,362,316,567,683
hhhe608.jpg,1280,720,hhe,366,318,559,669
hhhe609.jpg,1280,720,hhe,357,323,562,657
hhhe610.jpg,1280,720,hhe,365,323,563,652
hhhe611.jpg,1280,720,hhe,356,322,559,641
hhhe612.jpg,1280,720,hhe,361,318,557,655
hhhe613.jpg,1280,720,hhe,368,313,565,653
hhhe614.jpg,1280,720,hhe,367,322,572,662
hhhe615.jpg,1280,720,hhe,368,322,561,675
hhhe616.jpg,1280,720,hhe,368,327,562,659
hhhe617.jpg,1280,720,hhe,372,322,566,676
hhhe618.jpg,1280,720,hhe,372,327,565,646
hhhe619.jpg,1280,720,hhe,369,327,561,661
hhhe620.jpg,1280,720,hhe,377,328,570,639
hhhe621.jpg,1280,720,hhe,381,327,570,646
hhhe622.jpg,1280,720,hhe,376,327,580,661
hhhe623.jpg,1280,720,hhe,390,327,584,643
hhhe624.jpg,1280,720,hhe,395,326,589,653
hhhe625.jpg,1280,720,hhe,398,328,584,647
hhhe626.jpg,1280,720,hhe,399,325,596,635
hhhe627.jpg,1280,720,hhe,406,327,596,651
hhhe628.jpg,1280,720,hhe,406,322,602,664
hhhe629.jpg,1280,720,hhe,408,327,611,642
hhhe630.jpg,1280,720,hhe,409,333,606,673
hhhe631.jpg,1280,720,hhe,416,327,612,663
hhhe632.jpg,1280,720,hhe,409,333,614,644
hhhe633.jpg,1280,720,hhe,421,323,615,632
hhhe634.jpg,1280,720,hhe,419,327,619,678
hhhe635.jpg,1280,720,hhe,420,328,620,645
hhhe636.jpg,1280,720,hhe,418,328,626,677
hhhe637.jpg,1280,720,hhe,419,329,628,652
hhhe638.jpg,1280,720,hhe,424,331,632,672
hhhe639.jpg,1280,720,hhe,434,327,626,714
hhhe640.jpg,1280,720,hhe,429,325,630,664
hhhe641.jpg,1280,720,hhe,423,331,629,644
hhhe642.jpg,1280,720,hhe,433,331,630,658
hhhe643.jpg,1280,720,hhe,434,331,640,688
hhhe644.jpg,1280,720,hhe,431,327,640,673
hhhe645.jpg,1280,720,hhe,432,327,640,655
hhhe646.jpg,1280,720,hhe,435,324,632,672
hhhe647.jpg,1280,720,hhe,436,332,632,661
hhhe648.jpg,1280,720,hhe,429,327,636,648
hhhe649.jpg,1280,720,hhe,435,327,634,630
hhhe650.jpg,1280,720,hhe,440,333,640,666
hhhe651.jpg,1280,720,hhe,432,334,643,644
hhhe652.jpg,1280,720,hhe,434,327,639,639
hhhe653.jpg,1280,720,hhe,430,329,638,667
hhhe654.jpg,1280,720,hhe,438,324,630,660
hhhe655.jpg,1280,720,hhe,430,316,634,656
hhhe656.jpg,1280,720,hhe,424,333,636,635
hhhe657.jpg,1280,720,hhe,433,325,627,661
hhhe658.jpg,1280,720,hhe,434,322,627,667
hhhe659.jpg,1280,720,hhe,428,328,633,651
ke1000.jpg,1280,720,ke,542,320,820,666
ke1001.jpg,1280,720,ke,543,320,817,678
ke1002.jpg,1280,720,ke,529,318,810,649
ke1003.jpg,1280,720,ke,540,321,806,644
ke1004.jpg,1280,720,ke,537,312,806,667
ke1005.jpg,1280,720,ke,531,323,802,669
ke1006.jpg,1280,720,ke,527,320,785,672
ke1007.jpg,1280,720,ke,523,320,792,681
ke1008.jpg,1280,720,ke,524,311,792,661
ke1009.jpg,1280,720,ke,514,313,790,673
ke1010.jpg,1280,720,ke,510,322,786,644
ke1011.jpg,1280,720,ke,512,323,779,673
ke1012.jpg,1280,720,ke,512,314,779,674
ke1013.jpg,1280,720,ke,499,318,775,699
ke1014.jpg,1280,720,ke,503,310,773,686
ke1015.jpg,1280,720,ke,499,320,772,684
ke1016.jpg,1280,720,ke,501,316,774,683
ke1017.jpg,1280,720,ke,501,311,773,683
ke1018.jpg,1280,720,ke,501,313,774,685
ke1019.jpg,1280,720,ke,497,312,777,659
ke848.jpg,1280,720,ke,509,329,765,710
ke849.jpg,1280,720,ke,507,333,773,689
ke850.jpg,1280,720,ke,505,339,773,697
ke851.jpg,1280,720,ke,505,336,779,701
ke852.jpg,1280,720,ke,514,333,781,692
ke853.jpg,1280,720,ke,513,334,775,690
ke854.jpg,1280,720,ke,520,339,779,691
ke855.jpg,1280,720,ke,522,334,779,705
ke856.jpg,1280,720,ke,519,325,786,678
ke857.jpg,1280,720,ke,523,331,782,704
ke858.jpg,1280,720,ke,526,337,781,705
ke859.jpg,1280,720,ke,526,332,784,699
ke860.jpg,1280,720,ke,527,334,790,683
ke861.jpg,1280,720,ke,527,330,784,700
ke862.jpg,1280,720,ke,529,338,792,709
ke863.jpg,1280,720,ke,529,333,799,686
ke864.jpg,1280,720,ke,539,333,791,685
ke865.jpg,1280,720,ke,524,328,786,687
ke866.jpg,1280,720,ke,536,329,801,687
ke867.jpg,1280,720,ke,539,333,801,707
ke868.jpg,1280,720,ke,531,333,797,702
ke869.jpg,1280,720,ke,537,329,789,701
ke870.jpg,1280,720,ke,542,337,808,704
ke871.jpg,1280,720,ke,543,337,806,710
ke872.jpg,1280,720,ke,540,339,801,702
ke873.jpg,1280,720,ke,540,340,807,708
ke874.jpg,1280,720,ke,544,327,807,710
ke875.jpg,1280,720,ke,552,333,812,704
ke876.jpg,1280,720,ke,550,337,812,711
ke877.jpg,1280,720,ke,551,332,811,711
ke878.jpg,1280,720,ke,554,337,814,693
ke879.jpg,1280,720,ke,561,340,817,688
ke880.jpg,1280,720,ke,551,335,806,689
ke881.jpg,1280,720,ke,564,336,823,678
ke882.jpg,1280,720,ke,565,342,829,685
ke883.jpg,1280,720,ke,557,341,828,685
ke884.jpg,1280,720,ke,568,339,823,703
ke885.jpg,1280,720,ke,562,338,829,705
ke886.jpg,1280,720,ke,573,344,832,700
ke887.jpg,1280,720,ke,565,336,834,684
ke888.jpg,1280,720,ke,577,344,828,690
ke889.jpg,1280,720,ke,574,338,835,689
ke890.jpg,1280,720,ke,568,339,834,688
ke891.jpg,1280,720,ke,576,341,837,676
ke892.jpg,1280,720,ke,573,344,841,635
ke893.jpg,1280,720,ke,580,347,843,649
ke894.jpg,1280,720,ke,577,348,840,652
ke895.jpg,1280,720,ke,581,344,842,641
ke896.jpg,1280,720,ke,575,350,839,644
ke897.jpg,1280,720,ke,576,344,846,687
ke898.jpg,1280,720,ke,571,339,848,689
ke899.jpg,1280,720,ke,574,338,851,665
ke900.jpg,1280,720,ke,578,340,847,647
ke901.jpg,1280,720,ke,591,341,845,675
ke902.jpg,1280,720,ke,587,348,851,633
ke903.jpg,1280,720,ke,585,341,855,676
ke904.jpg,1280,720,ke,590,345,851,666
ke905.jpg,1280,720,ke,586,340,855,705
ke906.jpg,1280,720,ke,579,334,859,711
ke907.jpg,1280,720,ke,561,344,856,669
ke908.jpg,1280,720,ke,574,338,853,691
ke909.jpg,1280,720,ke,573,342,860,691
ke910.jpg,1280,720,ke,580,339,859,686
ke911.jpg,1280,720,ke,580,346,862,694
ke912.jpg,1280,720,ke,582,343,860,689
ke913.jpg,1280,720,ke,592,345,858,699
ke914.jpg,1280,720,ke,592,344,848,690
ke915.jpg,1280,720,ke,603,344,859,678
ke916.jpg,1280,720,ke,601,346,866,695
ke917.jpg,1280,720,ke,601,336,862,685
ke918.jpg,1280,720,ke,606,338,870,692
ke919.jpg,1280,720,ke,601,344,878,705
ke920.jpg,1280,720,ke,612,344,874,701
ke921.jpg,1280,720,ke,612,337,882,696
ke922.jpg,1280,720,ke,616,341,875,685
ke923.jpg,1280,720,ke,628,342,883,673
ke924.jpg,1280,720,ke,628,344,889,678
ke925.jpg,1280,720,ke,627,342,888,687
ke926.jpg,1280,720,ke,633,341,891,680
ke927.jpg,1280,720,ke,632,345,895,719
ke928.jpg,1280,720,ke,617,348,908,710
ke929.jpg,1280,720,ke,619,350,902,702
ke930.jpg,1280,720,ke,623,346,904,701
ke931.jpg,1280,720,ke,634,348,912,699
ke932.jpg,1280,720,ke,640,340,909,705
ke933.jpg,1280,720,ke,624,357,916,699
ke934.jpg,1280,720,ke,622,355,907,720
ke935.jpg,1280,720,ke,617,331,916,675
ke936.jpg,1280,720,ke,636,342,905,717
ke937.jpg,1280,720,ke,610,344,914,720
ke938.jpg,1280,720,ke,629,344,916,703
ke939.jpg,1280,720,ke,623,346,912,705
ke940.jpg,1280,720,ke,605,345,925,659
ke941.jpg,1280,720,ke,623,351,920,713
ke942.jpg,1280,720,ke,618,344,922,716
ke943.jpg,1280,720,ke,618,342,927,697
ke944.jpg,1280,720,ke,653,355,916,711
ke945.jpg,1280,720,ke,640,340,933,711
ke946.jpg,1280,720,ke,643,350,931,714
ke947.jpg,1280,720,ke,644,339,929,703
ke948.jpg,1280,720,ke,659,343,937,711
ke949.jpg,1280,720,ke,634,345,936,711
ke950.jpg,1280,720,ke,641,344,925,690
ke951.jpg,1280,720,ke,647,343,932,714
ke952.jpg,1280,720,ke,622,342,940,705
ke953.jpg,1280,720,ke,660,351,943,699
ke954.jpg,1280,720,ke,651,348,938,700
ke955.jpg,1280,720,ke,656,351,939,705
ke956.jpg,1280,720,ke,664,344,944,705
ke957.jpg,1280,720,ke,667,354,936,699
ke958.jpg,1280,720,ke,637,353,943,701
ke959.jpg,1280,720,ke,653,361,951,705
ke960.jpg,1280,720,ke,629,359,944,720
ke961.jpg,1280,720,ke,662,354,943,716
ke962.jpg,1280,720,ke,670,345,945,705
ke963.jpg,1280,720,ke,661,356,943,720
ke964.jpg,1280,720,ke,670,349,936,720
ke965.jpg,1280,720,ke,646,355,944,720
ke966.jpg,1280,720,ke,667,362,932,720
ke967.jpg,1280,720,ke,629,344,934,720
ke968.jpg,1280,720,ke,644,353,941,720
ke969.jpg,1280,720,ke,636,342,933,720
ke970.jpg,1280,720,ke,635,346,932,720
ke971.jpg,1280,720,ke,639,351,951,720
ke972.jpg,1280,720,ke,615,353,918,720
ke973.jpg,1280,720,ke,634,345,917,720
ke974.jpg,1280,720,ke,629,350,920,713
ke975.jpg,1280,720,ke,621,344,904,720
ke976.jpg,1280,720,ke,643,347,933,711
ke977.jpg,1280,720,ke,634,339,909,706
ke978.jpg,1280,720,ke,602,333,894,720
ke979.jpg,1280,720,ke,614,339,895,709
ke980.jpg,1280,720,ke,609,334,892,720
ke981.jpg,1280,720,ke,614,328,882,720
ke982.jpg,1280,720,ke,597,337,872,720
ke983.jpg,1280,720,ke,597,328,870,715
ke984.jpg,1280,720,ke,595,325,875,703
ke985.jpg,1280,720,ke,591,333,872,709
ke986.jpg,1280,720,ke,588,332,857,720
ke987.jpg,1280,720,ke,586,322,854,720
ke988.jpg,1280,720,ke,589,331,859,720
ke989.jpg,1280,720,ke,576,315,842,698
ke990.jpg,1280,720,ke,567,319,853,707
ke991.jpg,1280,720,ke,576,325,856,720
ke992.jpg,1280,720,ke,582,325,840,710
ke993.jpg,1280,720,ke,567,325,839,720
ke994.jpg,1280,720,ke,570,312,838,716
ke995.jpg,1280,720,ke,569,322,837,718
ke996.jpg,1280,720,ke,567,322,835,715
ke997.jpg,1280,720,ke,558,314,823,720
ke998.jpg,1280,720,ke,553,315,829,707
ke999.jpg,1280,720,ke,552,315,826,709
Le409.jpg,1280,720,le,96,320,338,710
Le410.jpg,1280,720,le,90,323,338,701
Le411.jpg,1280,720,le,94,321,342,699
Le412.jpg,1280,720,le,93,323,345,706
Le413.jpg,1280,720,le,99,319,340,711
Le414.jpg,1280,720,le,95,321,340,697
Le415.jpg,1280,720,le,106,313,350,708
Le416.jpg,1280,720,le,97,318,356,703
Le417.jpg,1280,720,le,115,313,359,705
Le418.jpg,1280,720,le,115,311,354,699
Le419.jpg,1280,720,le,116,311,359,720
Le420.jpg,1280,720,le,123,305,367,715
Le421.jpg,1280,720,le,125,311,373,707
Le422.jpg,1280,720,le,131,302,374,697
Le423.jpg,1280,720,le,134,307,374,708
Le424.jpg,1280,720,le,145,311,384,695
Le425.jpg,1280,720,le,143,304,384,716
Le426.jpg,1280,720,le,153,304,391,700
Le427.jpg,1280,720,le,154,300,385,713
Le428.jpg,1280,720,le,159,305,394,694
Le429.jpg,1280,720,le,171,298,395,687
Le430.jpg,1280,720,le,173,299,399,704
Le431.jpg,1280,720,le,173,302,402,700
Le432.jpg,1280,720,le,180,300,408,705
Le433.jpg,1280,720,le,176,299,414,699
Le434.jpg,1280,720,le,190,297,415,706
Le435.jpg,1280,720,le,191,301,419,708
Le436.jpg,1280,720,le,187,297,418,700
Le437.jpg,1280,720,le,195,305,423,683
Le438.jpg,1280,720,le,198,298,417,696
Le439.jpg,1280,720,le,201,303,423,694
Le440.jpg,1280,720,le,206,298,426,687
Le441.jpg,1280,720,le,204,300,432,700
Le442.jpg,1280,720,le,212,298,437,697
Le443.jpg,1280,720,le,224,300,437,688
Le444.jpg,1280,720,le,223,300,432,677
Le445.jpg,1280,720,le,229,298,441,697
Le446.jpg,1280,720,le,239,300,439,709
Le447.jpg,1280,720,le,233,299,450,707
Le448.jpg,1280,720,le,233,302,453,712
Le449.jpg,1280,720,le,242,296,448,694
Le450.jpg,1280,720,le,252,298,462,697
Le451.jpg,1280,720,le,250,302,457,689
Le452.jpg,1280,720,le,253,304,463,683
Le453.jpg,1280,720,le,256,301,466,714
Le454.jpg,1280,720,le,258,303,463,710
Le455.jpg,1280,720,le,263,300,462,709
Le456.jpg,1280,720,le,264,303,467,693
Le457.jpg,1280,720,le,273,305,465,702
Le458.jpg,1280,720,le,273,305,473,685
Le459.jpg,1280,720,le,275,302,472,695
Le460.jpg,1280,720,le,279,305,474,685
Le461.jpg,1280,720,le,278,305,473,696
Le462.jpg,1280,720,le,280,306,472,678
Le463.jpg,1280,720,le,283,307,472,671
Le464.jpg,1280,720,le,284,306,476,681
Le465.jpg,1280,720,le,288,304,479,670
Le466.jpg,1280,720,le,287,302,477,697
Le467.jpg,1280,720,le,292,308,481,679
Le468.jpg,1280,720,le,292,308,480,666
Le469.jpg,1280,720,le,289,311,480,673
Le470.jpg,1280,720,le,296,308,478,677
Le471.jpg,1280,720,le,296,311,484,672
Le472.jpg,1280,720,le,301,309,482,689
Le473.jpg,1280,720,le,294,312,487,661
Le474.jpg,1280,720,le,297,305,481,679
Le475.jpg,1280,720,le,301,311,485,689
Le476.jpg,1280,720,le,295,311,484,678
Le477.jpg,1280,720,le,293,311,484,692
Le478.jpg,1280,720,le,291,305,497,704
Le479.jpg,1280,720,le,303,305,488,712
Le480.jpg,1280,720,le,298,312,487,697
Le481.jpg,1280,720,le,301,312,484,708
Le482.jpg,1280,720,le,295,311,483,718
Le483.jpg,1280,720,le,293,311,481,693
Le484.jpg,1280,720,le,292,313,486,696
Le485.jpg,1280,720,le,297,316,487,701
Le486.jpg,1280,720,le,291,307,479,699
Le487.jpg,1280,720,le,294,311,473,701
Le488.jpg,1280,720,le,296,307,477,691
Le489.jpg,1280,720,le,296,301,480,708
Le490.jpg,1280,720,le,301,314,480,706
Le491.jpg,1280,720,le,291,312,483,713
Le492.jpg,1280,720,le,293,309,488,711
Le493.jpg,1280,720,le,293,307,486,702
Le494.jpg,1280,720,le,291,303,488,700
Le495.jpg,1280,720,le,299,306,479,694
Le496.jpg,1280,720,le,300,305,474,720
Le497.jpg,1280,720,le,304,301,486,700
Le498.jpg,1280,720,le,299,303,483,690
Le499.jpg,1280,720,le,300,305,491,702
Le500.jpg,1280,720,le,304,302,495,689
Le501.jpg,1280,720,le,307,301,489,705
Le502.jpg,1280,720,le,304,294,494,708
Le503.jpg,1280,720,le,302,299,492,716
Le504.jpg,1280,720,le,311,300,504,699
Le505.jpg,1280,720,le,309,286,501,708
Le506.jpg,1280,720,le,306,296,501,703
Le507.jpg,1280,720,le,312,287,501,687
Le508.jpg,1280,720,le,320,280,506,701
Le509.jpg,1280,720,le,317,286,516,701
Le510.jpg,1280,720,le,315,274,520,695
Le511.jpg,1280,720,le,317,279,509,677
Le512.jpg,1280,720,le,319,285,509,684
Le513.jpg,1280,720,le,317,272,510,666
Le514.jpg,1280,720,le,322,287,515,692
Le515.jpg,1280,720,le,319,289,521,680
Le516.jpg,1280,720,le,329,293,513,695
Le517.jpg,1280,720,le,322,280,517,683
Le518.jpg,1280,720,le,329,285,525,670
Le519.jpg,1280,720,le,337,281,520,682
Le520.jpg,1280,720,le,332,289,523,663
Le521.jpg,1280,720,le,330,287,531,691
Le522.jpg,1280,720,le,335,280,529,661
Le523.jpg,1280,720,le,347,286,527,674
Le524.jpg,1280,720,le,347,287,530,691
Le525.jpg,1280,720,le,353,290,538,701
Le526.jpg,1280,720,le,350,287,531,703
Le527.jpg,1280,720,le,337,275,537,689
Le528.jpg,1280,720,le,341,279,533,673
Le529.jpg,1280,720,le,345,283,538,683
Le530.jpg,1280,720,le,344,289,548,704
Le531.jpg,1280,720,le,345,279,542,659
Le532.jpg,1280,720,le,344,277,550,692
Le533.jpg,1280,720,le,358,277,552,683
Le534.jpg,1280,720,le,356,286,545,698
Le535.jpg,1280,720,le,365,284,556,691
Le536.jpg,1280,720,le,354,286,562,669
Le537.jpg,1280,720,le,354,279,565,658
Le538.jpg,1280,720,le,360,278,552,661
Le539.jpg,1280,720,le,351,282,552,652
Le540.jpg,1280,720,le,357,279,559,711
Le541.jpg,1280,720,le,362,275,556,659
Le542.jpg,1280,720,le,366,274,561,709
Le543.jpg,1280,720,le,361,277,561,683
Le544.jpg,1280,720,le,367,283,565,672
Le545.jpg,1280,720,le,371,280,565,685
Le546.jpg,1280,720,le,375,284,570,669
Le547.jpg,1280,720,le,368,277,569,655
Le548.jpg,1280,720,le,376,275,576,605
Le549.jpg,1280,720,le,377,272,578,645
Le550.jpg,1280,720,le,372,278,578,633
Le551.jpg,1280,720,le,377,277,580,631
Le552.jpg,1280,720,le,385,272,579,667
Le553.jpg,1280,720,le,383,271,580,681
Le554.jpg,1280,720,le,377,267,579,650
Le555.jpg,1280,720,le,382,272,587,664
Le556.jpg,1280,720,le,385,275,579,646
Le557.jpg,1280,720,le,377,271,584,647
Le558.jpg,1280,720,le,389,272,584,627
Le559.jpg,1280,720,le,385,272,589,631
Le560.jpg,1280,720,le,392,277,590,655
Le561.jpg,1280,720,le,393,275,591,650
Le562.jpg,1280,720,le,392,277,599,663
Le563.jpg,1280,720,le,393,275,591,626
Le564.jpg,1280,720,le,389,266,595,647
Le565.jpg,1280,720,le,390,267,590,627
Le566.jpg,1280,720,le,400,276,603,635
Le567.jpg,1280,720,le,396,272,600,636
Le568.jpg,1280,720,le,404,275,602,641
Le569.jpg,1280,720,le,402,273,611,650
Le570.jpg,1280,720,le,402,277,605,655
Le571.jpg,1280,720,le,406,276,613,661
Le572.jpg,1280,720,le,403,272,614,630
Le573.jpg,1280,720,le,402,275,609,624
Le574.jpg,1280,720,le,406,262,610,614
Le575.jpg,1280,720,le,403,269,611,608
Le576.jpg,1280,720,le,406,261,612,650
Le577.jpg,1280,720,le,407,266,617,623
Le578.jpg,1280,720,le,412,268,617,644
Le579.jpg,1280,720,le,415,271,617,650
Le580.jpg,1280,720,le,412,268,623,661
Me1412.jpg,1280,720,me,277,316,498,713
Me1413.jpg,1280,720,me,292,312,510,706
Me1414.jpg,1280,720,me,275,317,496,715
Me1415.jpg,1280,720,me,285,312,495,694
Me1416.jpg,1280,720,me,283,310,485,702
Me1417.jpg,1280,720,me,277,314,487,694
Me1418.jpg,1280,720,me,279,312,487,708
Me1419.jpg,1280,720,me,273,314,479,716
Me1420.jpg,1280,720,me,271,309,479,698
Me1421.jpg,1280,720,me,272,317,477,719
Me1422.jpg,1280,720,me,263,314,474,701
Me1423.jpg,1280,720,me,265,300,479,709
Me1424.jpg,1280,720,me,262,316,476,714
Me1425.jpg,1280,720,me,260,311,466,714
Me1426.jpg,1280,720,me,265,311,473,700
Me1427.jpg,1280,720,me,257,311,472,720
Me1428.jpg,1280,720,me,255,317,447,715
Me1429.jpg,1280,720,me,252,311,461,696
Me1430.jpg,1280,720,me,250,315,462,720
Me1431.jpg,1280,720,me,245,314,458,720
Me1432.jpg,1280,720,me,246,318,456,720
Me1433.jpg,1280,720,me,244,308,454,713
Me1434.jpg,1280,720,me,243,311,455,695
Me1435.jpg,1280,720,me,231,305,446,697
Me1436.jpg,1280,720,me,239,306,451,717
Me1437.jpg,1280,720,me,238,314,445,705
Me1438.jpg,1280,720,me,234,305,446,700
Me1439.jpg,1280,720,me,239,300,442,708
Me1440.jpg,1280,720,me,234,305,438,717
Me1441.jpg,1280,720,me,240,298,447,708
Me1442.jpg,1280,720,me,243,295,459,700
Me1443.jpg,1280,720,me,251,300,438,688
Me1444.jpg,1280,720,me,248,299,443,720
Me1445.jpg,1280,720,me,248,300,462,703
Me1446.jpg,1280,720,me,256,293,456,710
Me1447.jpg,1280,720,me,257,295,466,711
Me1448.jpg,1280,720,me,255,300,458,720
Me1449.jpg,1280,720,me,256,288,462,716
Me1450.jpg,1280,720,me,265,294,472,701
Me1451.jpg,1280,720,me,262,297,456,720
Me1452.jpg,1280,720,me,264,294,467,720
Me1453.jpg,1280,720,me,259,295,464,705
Me1454.jpg,1280,720,me,259,277,467,697
Me1455.jpg,1280,720,me,262,286,458,717
Me1456.jpg,1280,720,me,264,291,465,700
Me1457.jpg,1280,720,me,252,290,462,712
Me1458.jpg,1280,720,me,256,292,463,720
Me1459.jpg,1280,720,me,261,291,444,711
Me1460.jpg,1280,720,me,251,294,457,700
Me1461.jpg,1280,720,me,258,293,447,720
Me1462.jpg,1280,720,me,251,289,442,706
Me1463.jpg,1280,720,me,252,294,441,703
Me1464.jpg,1280,720,me,249,293,445,712
Me1465.jpg,1280,720,me,246,290,429,703
Me1466.jpg,1280,720,me,246,295,442,706
Me1467.jpg,1280,720,me,246,294,444,716
Me1468.jpg,1280,720,me,251,294,443,712
Me1469.jpg,1280,720,me,243,292,438,720
Me1470.jpg,1280,720,me,250,294,448,720
Me1471.jpg,1280,720,me,247,297,434,699
Me1472.jpg,1280,720,me,242,294,439,720
Me1473.jpg,1280,720,me,245,296,442,720
Me1474.jpg,1280,720,me,229,289,448,716
Me1475.jpg,1280,720,me,238,290,436,702
Me1476.jpg,1280,720,me,232,301,433,709
Me1477.jpg,1280,720,me,239,296,426,720
Me1478.jpg,1280,720,me,238,295,432,710
Me1479.jpg,1280,720,me,238,294,434,720
Me1480.jpg,1280,720,me,237,294,440,720
Me1481.jpg,1280,720,me,238,300,432,716
Me1482.jpg,1280,720,me,235,300,432,705
Me1483.jpg,1280,720,me,236,290,435,696
Me1484.jpg,1280,720,me,230,295,429,713
Me1485.jpg,1280,720,me,232,291,434,719
Me1486.jpg,1280,720,me,232,295,441,711
Me1487.jpg,1280,720,me,220,285,428,700
Me1488.jpg,1280,720,me,223,295,423,706
Me1489.jpg,1280,720,me,229,289,420,711
Me1490.jpg,1280,720,me,227,295,417,703
Me1491.jpg,1280,720,me,227,301,422,720
Me1492.jpg,1280,720,me,222,296,422,720
Me1493.jpg,1280,720,me,223,298,418,707
Me1494.jpg,1280,720,me,224,296,423,718
Me1495.jpg,1280,720,me,220,300,418,713
Me1496.jpg,1280,720,me,221,308,410,720
Me1497.jpg,1280,720,me,216,304,419,716
Me1498.jpg,1280,720,me,219,308,418,713
Me1499.jpg,1280,720,me,223,306,416,710
Me1500.jpg,1280,720,me,217,307,415,707
Me1501.jpg,1280,720,me,218,309,420,716
Me1502.jpg,1280,720,me,220,307,385,691
Me1503.jpg,1280,720,me,217,313,405,720
Me1504.jpg,1280,720,me,219,311,418,719
Me1505.jpg,1280,720,me,215,310,415,720
Me1506.jpg,1280,720,me,214,313,406,707
Me1507.jpg,1280,720,me,211,321,410,720
Me1508.jpg,1280,720,me,216,312,409,720
Me1509.jpg,1280,720,me,212,321,407,720
Me1510.jpg,1280,720,me,210,314,411,711
Me1511.jpg,1280,720,me,206,322,410,707
Me1512.jpg,1280,720,me,204,327,406,706
Me1513.jpg,1280,720,me,208,320,409,709
Me1514.jpg,1280,720,me,205,330,406,715
Me1515.jpg,1280,720,me,203,327,407,700
Me1516.jpg,1280,720,me,194,334,414,708
Me1517.jpg,1280,720,me,192,342,406,699
Me1518.jpg,1280,720,me,184,339,410,720
Me1519.jpg,1280,720,me,182,348,423,719
Me1520.jpg,1280,720,me,188,345,410,707
Me1521.jpg,1280,720,me,196,348,420,720
Me1522.jpg,1280,720,me,185,350,403,705
Me1523.jpg,1280,720,me,193,352,415,709
Me1524.jpg,1280,720,me,195,352,422,720
Me1525.jpg,1280,720,me,201,352,426,711
Me1526.jpg,1280,720,me,195,349,423,710
Me1527.jpg,1280,720,me,199,350,429,705
Me1528.jpg,1280,720,me,204,350,433,720
Me1529.jpg,1280,720,me,215,347,428,705
Me1530.jpg,1280,720,me,216,346,442,715
Me1531.jpg,1280,720,me,213,345,445,708
Me1532.jpg,1280,720,me,217,346,436,720
Me1533.jpg,1280,720,me,219,346,441,720
Me1534.jpg,1280,720,me,222,346,444,716
Me1535.jpg,1280,720,me,223,344,441,714
Me1536.jpg,1280,720,me,227,338,440,720
Me1537.jpg,1280,720,me,223,332,446,717
Me1538.jpg,1280,720,me,230,339,448,713
Me1539.jpg,1280,720,me,236,334,452,689
Me1540.jpg,1280,720,me,229,334,446,714
Me1541.jpg,1280,720,me,234,346,440,694
Me1542.jpg,1280,720,me,234,346,449,694
Me1543.jpg,1280,720,me,240,342,447,709
Me1544.jpg,1280,720,me,239,339,450,702
Me1545.jpg,1280,720,me,242,339,447,686
Me1546.jpg,1280,720,me,245,339,450,711
Me1547.jpg,1280,720,me,253,337,455,720
Me1548.jpg,1280,720,me,246,341,423,698
Me1549.jpg,1280,720,me,246,342,461,707
Me1550.jpg,1280,720,me,251,344,452,716
Me1551.jpg,1280,720,me,250,348,451,716
Me1552.jpg,1280,720,me,250,343,459,703
Me1553.jpg,1280,720,me,252,336,465,716
Me1554.jpg,1280,720,me,251,339,457,704
Me1555.jpg,1280,720,me,251,336,462,713
Me1556.jpg,1280,720,me,245,339,456,707
Me1557.jpg,1280,720,me,242,344,449,696
Me1558.jpg,1280,720,me,247,339,459,713
Me1559.jpg,1280,720,me,248,344,466,710
Me1560.jpg,1280,720,me,249,344,457,711
Me1561.jpg,1280,720,me,248,339,455,705
Me1562.jpg,1280,720,me,249,348,455,707
Me1563.jpg,1280,720,me,245,344,457,711
Me1564.jpg,1280,720,me,241,341,462,717
Me1565.jpg,1280,720,me,243,333,457,708
Me1566.jpg,1280,720,me,249,341,456,712
Me1567.jpg,1280,720,me,245,337,453,717
Me1568.jpg,1280,720,me,239,337,458,684
Me1569.jpg,1280,720,me,238,339,462,703
Me1570.jpg,1280,720,me,245,339,453,700
Me1571.jpg,1280,720,me,238,333,462,706
Me1572.jpg,1280,720,me,248,341,454,695
Me1573.jpg,1280,720,me,248,334,451,714
Me1574.jpg,1280,720,me,251,344,432,677
Me1575.jpg,1280,720,me,249,339,457,720
Me1576.jpg,1280,720,me,244,331,434,692
Me1577.jpg,1280,720,me,251,334,463,720
Me1578.jpg,1280,720,me,249,337,463,720
Me1579.jpg,1280,720,me,251,337,465,710
Me1580.jpg,1280,720,me,250,340,468,714
Me1581.jpg,1280,720,me,251,339,469,713
Me1582.jpg,1280,720,me,252,334,461,716
Me1583.jpg,1280,720,me,257,329,467,712
ne668.jpg,1280,720,ne,345,207,504,570
ne669.jpg,1280,720,ne,341,207,501,595
ne670.jpg,1280,720,ne,341,204,501,576
ne671.jpg,1280,720,ne,338,203,501,574
ne672.jpg,1280,720,ne,335,199,492,564
ne673.jpg,1280,720,ne,339,200,494,534
ne674.jpg,1280,720,ne,332,203,495,560
ne675.jpg,1280,720,ne,329,204,495,584
ne676.jpg,1280,720,ne,335,201,495,610
ne677.jpg,1280,720,ne,328,194,487,561
ne678.jpg,1280,720,ne,323,196,490,577
ne679.jpg,1280,720,ne,329,198,494,583
ne680.jpg,1280,720,ne,323,204,484,579
ne681.jpg,1280,720,ne,323,202,483,607
ne682.jpg,1280,720,ne,323,200,484,597
ne683.jpg,1280,720,ne,323,196,483,586
ne684.jpg,1280,720,ne,320,204,481,600
ne685.jpg,1280,720,ne,320,189,479,589
ne686.jpg,1280,720,ne,317,194,476,587
ne687.jpg,1280,720,ne,322,205,487,595
ne688.jpg,1280,720,ne,316,201,479,588
ne689.jpg,1280,720,ne,319,201,478,586
ne690.jpg,1280,720,ne,316,199,482,555
ne691.jpg,1280,720,ne,317,204,477,539
ne692.jpg,1280,720,ne,306,194,476,534
ne693.jpg,1280,720,ne,307,200,483,576
ne694.jpg,1280,720,ne,314,203,474,578
ne695.jpg,1280,720,ne,311,192,484,541
ne696.jpg,1280,720,ne,307,206,478,585
ne697.jpg,1280,720,ne,312,203,477,627
ne698.jpg,1280,720,ne,309,209,466,615
ne699.jpg,1280,720,ne,308,198,471,577
ne700.jpg,1280,720,ne,306,198,478,590
ne701.jpg,1280,720,ne,308,202,470,607
ne702.jpg,1280,720,ne,301,204,467,576
ne703.jpg,1280,720,ne,306,194,473,606
ne704.jpg,1280,720,ne,301,203,467,595
ne705.jpg,1280,720,ne,301,200,461,572
ne706.jpg,1280,720,ne,291,195,482,552
ne707.jpg,1280,720,ne,298,206,469,576
ne708.jpg,1280,720,ne,300,208,467,596
ne709.jpg,1280,720,ne,295,208,472,588
ne710.jpg,1280,720,ne,291,196,466,589
ne711.jpg,1280,720,ne,295,208,462,587
ne712.jpg,1280,720,ne,294,202,453,579
ne713.jpg,1280,720,ne,295,205,459,584
ne714.jpg,1280,720,ne,293,206,454,592
ne715.jpg,1280,720,ne,290,193,460,596
ne716.jpg,1280,720,ne,296,205,459,587
ne717.jpg,1280,720,ne,291,209,457,577
ne718.jpg,1280,720,ne,295,207,457,562
ne719.jpg,1280,720,ne,279,205,459,571
ne720.jpg,1280,720,ne,286,204,450,610
ne721.jpg,1280,720,ne,289,207,455,567
ne722.jpg,1280,720,ne,281,207,450,597
ne723.jpg,1280,720,ne,288,207,450,586
ne724.jpg,1280,720,ne,282,206,448,602
ne725.jpg,1280,720,ne,284,204,448,619
ne726.jpg,1280,720,ne,282,197,454,573
ne727.jpg,1280,720,ne,276,208,438,587
ne728.jpg,1280,720,ne,278,206,447,594
ne729.jpg,1280,720,ne,279,205,445,595
ne730.jpg,1280,720,ne,276,206,451,605
ne731.jpg,1280,720,ne,275,209,454,589
ne732.jpg,1280,720,ne,271,197,442,573
ne733.jpg,1280,720,ne,281,205,450,609
ne734.jpg,1280,720,ne,273,205,445,617
ne735.jpg,1280,720,ne,274,197,445,562
ne736.jpg,1280,720,ne,274,200,445,565
ne737.jpg,1280,720,ne,277,204,443,567
ne738.jpg,1280,720,ne,276,205,445,597
ne739.jpg,1280,720,ne,272,200,453,575
ne740.jpg,1280,720,ne,273,198,447,569
ne741.jpg,1280,720,ne,277,203,437,544
ne742.jpg,1280,720,ne,278,206,434,547
ne743.jpg,1280,720,ne,277,199,445,565
ne744.jpg,1280,720,ne,275,202,440,586
ne745.jpg,1280,720,ne,281,205,454,582
ne746.jpg,1280,720,ne,273,205,453,558
ne747.jpg,1280,720,ne,282,200,445,589
ne748.jpg,1280,720,ne,274,200,454,567
ne749.jpg,1280,720,ne,280,200,453,553
ne750.jpg,1280,720,ne,275,208,456,597
ne751.jpg,1280,720,ne,279,199,462,621
ne752.jpg,1280,720,ne,279,205,461,604
ne753.jpg,1280,720,ne,282,203,454,600
ne754.jpg,1280,720,ne,290,202,462,612
ne755.jpg,1280,720,ne,284,197,457,591
ne756.jpg,1280,720,ne,288,193,457,588
ne757.jpg,1280,720,ne,288,204,456,573
ne758.jpg,1280,720,ne,291,198,459,617
ne759.jpg,1280,720,ne,290,201,463,605
ne760.jpg,1280,720,ne,296,200,464,595
ne761.jpg,1280,720,ne,292,201,461,597
ne762.jpg,1280,720,ne,303,192,469,591
ne763.jpg,1280,720,ne,292,196,462,596
ne764.jpg,1280,720,ne,301,198,465,608
ne765.jpg,1280,720,ne,302,200,485,578
ne766.jpg,1280,720,ne,308,197,483,612
ne767.jpg,1280,720,ne,308,197,485,573
ne768.jpg,1280,720,ne,310,194,473,594
ne769.jpg,1280,720,ne,312,194,493,566
ne770.jpg,1280,720,ne,307,201,476,558
ne771.jpg,1280,720,ne,315,195,477,618
ne772.jpg,1280,720,ne,312,199,482,568
ne773.jpg,1280,720,ne,317,196,484,598
ne774.jpg,1280,720,ne,323,197,484,574
ne775.jpg,1280,720,ne,315,192,485,574
ne776.jpg,1280,720,ne,321,194,486,594
ne777.jpg,1280,720,ne,324,187,488,582
ne778.jpg,1280,720,ne,321,194,484,596
ne779.jpg,1280,720,ne,325,197,487,603
ne780.jpg,1280,720,ne,323,194,488,598
ne781.jpg,1280,720,ne,323,194,485,583
ne782.jpg,1280,720,ne,330,172,502,554
ne783.jpg,1280,720,ne,331,191,492,577
ne784.jpg,1280,720,ne,325,196,490,593
ne785.jpg,1280,720,ne,330,193,507,595
ne786.jpg,1280,720,ne,329,191,503,590
ne787.jpg,1280,720,ne,332,187,501,599
ne788.jpg,1280,720,ne,334,191,504,626
ne789.jpg,1280,720,ne,335,180,501,590
ne790.jpg,1280,720,ne,337,196,498,606
ne791.jpg,1280,720,ne,337,189,506,611
ne792.jpg,1280,720,ne,339,197,510,581
ne793.jpg,1280,720,ne,342,189,510,534
ne794.jpg,1280,720,ne,334,194,508,560
ne795.jpg,1280,720,ne,333,196,512,584
ne796.jpg,1280,720,ne,342,194,507,565
ne797.jpg,1280,720,ne,336,188,507,574
ne798.jpg,1280,720,ne,335,189,507,579
ne799.jpg,1280,720,ne,340,187,507,571
ne800.jpg,1280,720,ne,343,192,509,595
ne801.jpg,1280,720,ne,340,186,520,579
ne802.jpg,1280,720,ne,343,194,506,593
ne803.jpg,1280,720,ne,344,196,516,594
ne804.jpg,1280,720,ne,345,189,511,592
ne805.jpg,1280,720,ne,345,190,519,585
ne806.jpg,1280,720,ne,347,187,509,602
ne807.jpg,1280,720,ne,350,193,517,631
ne808.jpg,1280,720,ne,347,186,519,589
ne809.jpg,1280,720,ne,335,183,520,596
ne810.jpg,1280,720,ne,347,195,517,540
ne811.jpg,1280,720,ne,349,189,520,589
ne812.jpg,1280,720,ne,351,189,512,566
ne813.jpg,1280,720,ne,357,189,513,571
ne814.jpg,1280,720,ne,351,191,518,566
ne815.jpg,1280,720,ne,349,194,516,581
ne816.jpg,1280,720,ne,352,194,514,591
ne817.jpg,1280,720,ne,349,193,515,566
ne818.jpg,1280,720,ne,350,191,516,575
ne819.jpg,1280,720,ne,351,193,519,582
ne820.jpg,1280,720,ne,351,190,515,573
ne821.jpg,1280,720,ne,350,192,513,583
ne822.jpg,1280,720,ne,352,193,517,577
ne823.jpg,1280,720,ne,347,187,519,575
ne824.jpg,1280,720,ne,350,194,512,586
ne825.jpg,1280,720,ne,347,191,510,571
ne826.jpg,1280,720,ne,350,189,514,571
ne827.jpg,1280,720,ne,353,188,519,601
ne828.jpg,1280,720,ne,351,188,516,614
ne829.jpg,1280,720,ne,349,191,517,611
ne830.jpg,1280,720,ne,345,189,516,605
ne831.jpg,1280,720,ne,345,188,508,588
ne832.jpg,1280,720,ne,348,190,514,625
ne833.jpg,1280,720,ne,349,192,512,592
ne834.jpg,1280,720,ne,343,191,512,572
ne835.jpg,1280,720,ne,352,181,534,583
ne836.jpg,1280,720,ne,346,193,516,575
ne837.jpg,1280,720,ne,345,191,507,582
ne838.jpg,1280,720,ne,347,192,515,590
ne839.jpg,1280,720,ne,345,187,520,586
qe1137.jpg,1280,720,qe,419,244,582,662
qe1138.jpg,1280,720,qe,420,247,585,677
qe1139.jpg,1280,720,qe,422,242,571,660
qe1140.jpg,1280,720,qe,421,240,582,669
qe1141.jpg,1280,720,qe,411,235,586,643
qe1142.jpg,1280,720,qe,418,244,584,649
qe1143.jpg,1280,720,qe,414,247,578,650
qe1144.jpg,1280,720,qe,418,244,583,663
qe1145.jpg,1280,720,qe,420,246,579,683
qe1146.jpg,1280,720,qe,422,245,580,697
qe1147.jpg,1280,720,qe,422,249,587,683
qe1148.jpg,1280,720,qe,423,249,583,705
qe1149.jpg,1280,720,qe,424,251,581,661
qe1150.jpg,1280,720,qe,421,246,584,684
qe1151.jpg,1280,720,qe,426,245,581,693
qe1152.jpg,1280,720,qe,428,245,584,667
qe1153.jpg,1280,720,qe,428,250,584,678
qe1154.jpg,1280,720,qe,428,251,582,661
qe1155.jpg,1280,720,qe,429,255,583,661
qe1156.jpg,1280,720,qe,426,251,585,683
qe1157.jpg,1280,720,qe,429,251,584,672
qe1158.jpg,1280,720,qe,435,253,585,676
qe1159.jpg,1280,720,qe,430,250,584,664
qe1160.jpg,1280,720,qe,426,255,587,679
qe1161.jpg,1280,720,qe,431,249,589,683
qe1162.jpg,1280,720,qe,420,233,579,659
qe1163.jpg,1280,720,qe,430,245,581,677
qe1164.jpg,1280,720,qe,425,256,587,704
qe1165.jpg,1280,720,qe,421,252,584,679
qe1166.jpg,1280,720,qe,423,254,584,687
qe1167.jpg,1280,720,qe,420,250,576,681
qe1168.jpg,1280,720,qe,423,255,579,703
qe1169.jpg,1280,720,qe,418,256,575,693
qe1170.jpg,1280,720,qe,411,255,579,676
qe1171.jpg,1280,720,qe,412,251,577,669
qe1172.jpg,1280,720,qe,410,257,581,669
qe1173.jpg,1280,720,qe,408,255,582,669
qe1174.jpg,1280,720,qe,408,257,580,688
qe1175.jpg,1280,720,qe,407,250,579,684
qe1176.jpg,1280,720,qe,401,256,575,672
qe1177.jpg,1280,720,qe,398,261,572,680
qe1179.jpg,1280,720,qe,395,258,567,689
qe1180.jpg,1280,720,qe,391,260,566,700
qe1181.jpg,1280,720,qe,390,260,561,689
qe1182.jpg,1280,720,qe,384,261,568,666
qe1183.jpg,1280,720,qe,384,260,566,672
qe1184.jpg,1280,720,qe,384,260,566,671
qe1185.jpg,1280,720,qe,377,256,564,689
qe1186.jpg,1280,720,qe,382,260,565,702
qe1187.jpg,1280,720,qe,378,261,567,700
qe1188.jpg,1280,720,qe,378,256,568,687
qe1189.jpg,1280,720,qe,378,256,563,676
qe1190.jpg,1280,720,qe,381,255,563,695
qe1191.jpg,1280,720,qe,381,255,566,670
qe1192.jpg,1280,720,qe,378,257,574,648
qe1193.jpg,1280,720,qe,379,256,578,675
qe1194.jpg,1280,720,qe,379,243,574,623
qe1195.jpg,1280,720,qe,382,260,572,665
qe1196.jpg,1280,720,qe,381,253,561,649
qe1197.jpg,1280,720,qe,373,253,567,651
qe1198.jpg,1280,720,qe,371,256,567,692
qe1199.jpg,1280,720,qe,373,261,569,701
qe1200.jpg,1280,720,qe,374,260,566,692
qe1201.jpg,1280,720,qe,372,259,561,701
qe1202.jpg,1280,720,qe,373,258,566,707
qe1203.jpg,1280,720,qe,374,262,565,711
qe1204.jpg,1280,720,qe,377,258,564,711
qe1205.jpg,1280,720,qe,371,246,572,700
qe1206.jpg,1280,720,qe,370,247,569,691
qe1207.jpg,1280,720,qe,372,257,569,709
qe1208.jpg,1280,720,qe,371,252,569,688
qe1209.jpg,1280,720,qe,369,256,563,690
qe1210.jpg,1280,720,qe,374,256,563,685
qe1211.jpg,1280,720,qe,366,255,561,666
qe1212.jpg,1280,720,qe,372,247,566,664
qe1213.jpg,1280,720,qe,376,251,562,638
qe1214.jpg,1280,720,qe,378,253,567,659
qe1215.jpg,1280,720,qe,372,255,565,691
qe1216.jpg,1280,720,qe,369,239,560,669
qe1217.jpg,1280,720,qe,375,248,573,695
qe1218.jpg,1280,720,qe,379,254,569,681
qe1219.jpg,1280,720,qe,376,250,573,694
qe1220.jpg,1280,720,qe,378,250,573,692
qe1221.jpg,1280,720,qe,383,248,572,697
qe1222.jpg,1280,720,qe,384,253,572,677
qe1223.jpg,1280,720,qe,379,251,573,695
qe1224.jpg,1280,720,qe,384,246,577,673
qe1225.jpg,1280,720,qe,386,244,567,674
qe1226.jpg,1280,720,qe,382,249,566,681
qe1227.jpg,1280,720,qe,385,243,561,671
qe1228.jpg,1280,720,qe,382,242,573,675
qe1229.jpg,1280,720,qe,379,246,572,671
qe1230.jpg,1280,720,qe,384,246,570,664
qe1231.jpg,1280,720,qe,377,251,572,672
qe1232.jpg,1280,720,qe,373,247,563,651
qe1233.jpg,1280,720,qe,379,249,560,652
qe1234.jpg,1280,720,qe,377,240,570,684
qe1235.jpg,1280,720,qe,378,248,565,681
qe1236.jpg,1280,720,qe,384,247,565,681
qe1237.jpg,1280,720,qe,382,244,566,690
qe1238.jpg,1280,720,qe,385,240,567,689
qe1239.jpg,1280,720,qe,388,246,568,685
qe1240.jpg,1280,720,qe,385,247,567,680
qe1241.jpg,1280,720,qe,379,250,578,669
qe1242.jpg,1280,720,qe,382,250,567,696
qe1243.jpg,1280,720,qe,379,247,575,707
qe1244.jpg,1280,720,qe,381,246,570,711
qe1245.jpg,1280,720,qe,390,237,577,705
qe1246.jpg,1280,720,qe,390,243,573,676
qe1247.jpg,1280,720,qe,385,243,570,703
qe1248.jpg,1280,720,qe,384,248,571,700
qe1249.jpg,1280,720,qe,384,235,571,672
qe1250.jpg,1280,720,qe,383,250,574,694
qe1251.jpg,1280,720,qe,387,250,572,694
qe1252.jpg,1280,720,qe,379,251,580,693
qe1253.jpg,1280,720,qe,381,256,564,698
qe1254.jpg,1280,720,qe,382,250,572,712
qe1255.jpg,1280,720,qe,380,255,571,675
qe1256.jpg,1280,720,qe,384,256,561,680
qe1257.jpg,1280,720,qe,379,255,564,677
qe1258.jpg,1280,720,qe,375,250,571,651
qe1259.jpg,1280,720,qe,373,251,565,661
qe1260.jpg,1280,720,qe,374,249,569,651
qe1261.jpg,1280,720,qe,378,239,559,682
qe1262.jpg,1280,720,qe,371,240,562,694
qe1263.jpg,1280,720,qe,381,243,577,666
qe1264.jpg,1280,720,qe,379,241,574,694
qe1265.jpg,1280,720,qe,382,244,568,665
qe1266.jpg,1280,720,qe,387,243,570,683
qe1267.jpg,1280,720,qe,384,239,575,694
qe1268.jpg,1280,720,qe,384,244,570,700
qe1269.jpg,1280,720,qe,381,238,572,688
qe1270.jpg,1280,720,qe,392,243,586,664
qe1271.jpg,1280,720,qe,390,245,574,688
qe1272.jpg,1280,720,qe,389,242,579,667
qe1273.jpg,1280,720,qe,395,245,583,699
qe1274.jpg,1280,720,qe,396,244,579,687
qe1275.jpg,1280,720,qe,392,242,581,709
qe1276.jpg,1280,720,qe,394,249,587,699
qe1277.jpg,1280,720,qe,391,240,583,693
qe1278.jpg,1280,720,qe,395,239,588,705
qe1279.jpg,1280,720,qe,396,226,573,667
qe1280.jpg,1280,720,qe,394,243,584,649
qe1281.jpg,1280,720,qe,395,246,583,673
qe1282.jpg,1280,720,qe,392,244,581,657
qe1283.jpg,1280,720,qe,397,236,579,676
qe1284.jpg,1280,720,qe,390,243,585,676
qe1285.jpg,1280,720,qe,397,243,578,633
qe1286.jpg,1280,720,qe,394,239,585,653
qe1287.jpg,1280,720,qe,398,240,573,620
qe1288.jpg,1280,720,qe,396,240,584,705
qe1289.jpg,1280,720,qe,397,238,584,687
qe1290.jpg,1280,720,qe,400,237,587,634
qe1291.jpg,1280,720,qe,394,232,584,675
qe1292.jpg,1280,720,qe,401,239,586,702
qe1293.jpg,1280,720,qe,399,238,576,663
qe1294.jpg,1280,720,qe,397,237,585,689
qe1295.jpg,1280,720,qe,398,234,582,668
qe1296.jpg,1280,720,qe,408,236,589,697
qe1297.jpg,1280,720,qe,396,235,581,669
qe1298.jpg,1280,720,qe,394,237,584,686
qe1299.jpg,1280,720,qe,398,238,585,672
qe1300.jpg,1280,720,qe,398,235,584,680
qe1301.jpg,1280,720,qe,402,238,584,693
qe1302.jpg,1280,720,qe,396,237,585,686
qe1303.jpg,1280,720,qe,409,242,592,661
qe1304.jpg,1280,720,qe,399,240,582,686
qe1305.jpg,1280,720,qe,398,236,589,705
qe1306.jpg,1280,720,qe,404,239,590,700
qe1307.jpg,1280,720,qe,401,230,588,699
qe1308.jpg,1280,720,qe,403,233,573,706
